{
	"format_version": "1.12.0",
	"minecraft:geometry": [
		{
			"description": {
				"identifier": "geometry.crusher",
				"texture_width": 70,
				"texture_height": 45,
				"visible_bounds_width": 2,
				"visible_bounds_height": 2.5,
				"visible_bounds_offset": [0, 0.75, 0]
			},
			"bones": [
				{
					"name": "case",
					"pivot": [8, 8, -8],
					"cubes": [
						{
							"origin": [-8, 14, -8],
							"size": [16, 2, 16],
							"uv": {
								"north": {"uv": [8.99999, 21.00001], "uv_size": [16.00003, 2]},
								"east": {"uv": [8.99999, 21.00001], "uv_size": [16.00003, 2]},
								"south": {"uv": [8.99999, 21.00001], "uv_size": [16.00003, 2]},
								"west": {"uv": [8.99999, 21.00001], "uv_size": [16.00003, 2]},
								"up": {"uv": [53.00002, 0], "uv_size": [15.99999, 16]},
								"down": {"uv": [53.00002, 32.00001], "uv_size": [15.99999, -16]}
							}
						},
						{
							"origin": [-8, 0, -8],
							"size": [16, 4, 16],
							"uv": {
								"north": {"uv": [0, 41.00001], "uv_size": [15.99999, 3.99999]},
								"east": {"uv": [0, 41.00001], "uv_size": [15.99999, 3.99999]},
								"south": {"uv": [0, 41.00001], "uv_size": [15.99999, 3.99999]},
								"west": {"uv": [0, 41.00001], "uv_size": [15.99999, 3.99999]},
								"up": {"uv": [0, 25], "uv_size": [15.99999, 16]},
								"down": {"uv": [15.99999, 41.00001], "uv_size": [16.00003, -16]}
							}
						}
					]
				},
				{
					"name": "pillars",
					"parent": "case",
					"pivot": [15, 1, -15],
					"cubes": [
						{
							"origin": [6, 4, -8],
							"size": [2, 10, 2],
							"uv": {
								"north": {"uv": [0, 14.99999], "uv_size": [1.99999, 10.00001]},
								"east": {"uv": [1.99999, 14.99999], "uv_size": [2.00003, 10.00001]},
								"south": {"uv": [0, 14.99999], "uv_size": [1.99999, 10.00001]},
								"west": {"uv": [1.99999, 14.99999], "uv_size": [2.00003, 10.00001]},
								"up": {"uv": [1.99999, 16.99999], "uv_size": [-1.99999, -2]},
								"down": {"uv": [4.00002, 25], "uv_size": [-2.00003, -2]}
							}
						},
						{
							"origin": [-8, 4, -8],
							"size": [2, 10, 2],
							"uv": {
								"north": {"uv": [1.99999, 14.99999], "uv_size": [2.00003, 10.00001]},
								"east": {"uv": [0, 14.99999], "uv_size": [1.99999, 10.00001]},
								"south": {"uv": [1.99999, 14.99999], "uv_size": [2.00003, 10.00001]},
								"west": {"uv": [0, 14.99999], "uv_size": [1.99999, 10.00001]},
								"up": {"uv": [1.99999, 16.99999], "uv_size": [-1.99999, -2]},
								"down": {"uv": [4.00002, 25], "uv_size": [-2.00003, -2]}
							}
						},
						{
							"origin": [-8, 4, 6],
							"size": [2, 10, 2],
							"uv": {
								"north": {"uv": [0, 14.99999], "uv_size": [1.99999, 10.00001]},
								"east": {"uv": [1.99999, 14.99999], "uv_size": [2.00003, 10.00001]},
								"south": {"uv": [0, 14.99999], "uv_size": [1.99999, 10.00001]},
								"west": {"uv": [1.99999, 14.99999], "uv_size": [2.00003, 10.00001]},
								"up": {"uv": [1.99999, 16.99999], "uv_size": [-1.99999, -2]},
								"down": {"uv": [4.00002, 25], "uv_size": [-2.00003, -2]}
							}
						},
						{
							"origin": [6, 4, 6],
							"size": [2, 10, 2],
							"uv": {
								"north": {"uv": [1.99999, 14.99999], "uv_size": [2.00003, 10.00001]},
								"east": {"uv": [0, 14.99999], "uv_size": [1.99999, 10.00001]},
								"south": {"uv": [1.99999, 14.99999], "uv_size": [2.00003, 10.00001]},
								"west": {"uv": [0, 14.99999], "uv_size": [1.99999, 10.00001]},
								"up": {"uv": [1.99999, 16.99999], "uv_size": [-1.99999, -2]},
								"down": {"uv": [4.00002, 25], "uv_size": [-2.00003, -2]}
							}
						}
					]
				},
				{
					"name": "piston",
					"parent": "case",
					"pivot": [-13, 22, -8]
				},
				{
					"name": "head",
					"parent": "piston",
					"pivot": [8, 10, -8],
					"cubes": [
						{
							"origin": [-6, 8.9, -6],
							"size": [12, 3, 12],
							"uv": {
								"north": {"uv": [0, 12.00001], "uv_size": [12.00001, 2.99998]},
								"east": {"uv": [0, 12.00001], "uv_size": [12.00001, 2.99998]},
								"south": {"uv": [0, 12.00001], "uv_size": [12.00001, 2.99998]},
								"west": {"uv": [0, 12.00001], "uv_size": [12.00001, 2.99998]},
								"up": {"uv": [0, 0], "uv_size": [12.00001, 12.00001]},
								"down": {"uv": [12.00001, 12.00001], "uv_size": [11.99997, -12.00001]}
							}
						}
					]
				},
				{
					"name": "neck",
					"parent": "piston",
					"pivot": [8, 10, -8],
					"cubes": [
						{
							"origin": [-5, 9, -5],
							"size": [10, 6.9, 10],
							"uv": {
								"north": {"uv": [13.00001, 12.00001], "uv_size": [9.99998, 7]},
								"east": {"uv": [13.00001, 12.00001], "uv_size": [9.99998, 7]},
								"south": {"uv": [13.00001, 12.00001], "uv_size": [9.99998, 7]},
								"west": {"uv": [13.00001, 12.00001], "uv_size": [9.99998, 7]},
								"up": {"uv": [12.00001, 0], "uv_size": [11.99997, 12.00001]},
								"down": {"uv": [12.00001, 12.00001], "uv_size": [11.99997, -12.00001]}
							}
						}
					]
				},
				{
					"name": "walls",
					"parent": "case",
					"pivot": [15, 1, -15],
					"cubes": [
						{
							"origin": [-6, 2, 7.5],
							"size": [12, 12, 0],
							"uv": {
								"north": {"uv": [53.00002, 0], "uv_size": [15.99999, 16]},
								"east": {"uv": [0, 0], "uv_size": [0, 12.00001]},
								"south": {"uv": [53.00002, 16], "uv_size": [15.99999, 16]},
								"west": {"uv": [0, 0], "uv_size": [0, 12.00001]},
								"up": {"uv": [0, 0], "uv_size": [12.00001, 0]},
								"down": {"uv": [0, 0], "uv_size": [12.00001, 0]}
							}
						},
						{
							"origin": [7.5, 2, -6],
							"size": [0, 12, 12],
							"uv": {
								"north": {"uv": [0, 0], "uv_size": [0, 3.00001]},
								"east": {"uv": [53.00002, 0], "uv_size": [15.99999, 16]},
								"south": {"uv": [0, 0], "uv_size": [0, 3.00001]},
								"west": {"uv": [53.00002, 16], "uv_size": [15.99999, 16]},
								"up": {"uv": [0, 0], "uv_size": [0, 3.00001]},
								"down": {"uv": [0, 3.00001], "uv_size": [0, -3.00001]}
							}
						},
						{
							"origin": [-7.5, 2, -6],
							"size": [0, 12, 12],
							"uv": {
								"north": {"uv": [0, 0], "uv_size": [0, 3.00001]},
								"east": {"uv": [53.00002, 16], "uv_size": [15.99999, 16]},
								"south": {"uv": [0, 0], "uv_size": [0, 3.00001]},
								"west": {"uv": [53.00002, 0], "uv_size": [15.99999, 16]},
								"up": {"uv": [0, 0], "uv_size": [0, 3.00001]},
								"down": {"uv": [0, 3.00001], "uv_size": [0, -3.00001]}
							}
						}
					]
				},
				{
					"name": "door",
					"parent": "walls",
					"pivot": [13, 0, -14],
					"cubes": [
						{
							"origin": [-6, 11, -7.5],
							"size": [12, 3, 0],
							"uv": {
								"north": {"uv": [39.00002, 0], "uv_size": [11.99997, 3.00001]},
								"east": {"uv": [0, 0], "uv_size": [0, 3.00001]},
								"south": {"uv": [51.00002, 0.00001], "uv_size": [-12.00003, 2.99998]},
								"west": {"uv": [0, 0], "uv_size": [0, 3.00001]},
								"up": {"uv": [0, 0], "uv_size": [12.00001, 0]},
								"down": {"uv": [0, 0], "uv_size": [12.00001, 0]}
							}
						}
					]
				},
				{
					"name": "door_move",
					"parent": "door",
					"pivot": [13, 4, -14],
					"cubes": [
						{
							"origin": [-6, 4, -7.5],
							"size": [12, 7, 0],
							"uv": {
								"north": {"uv": [26.00001, 0], "uv_size": [11.99997, 7]},
								"east": {"uv": [0, 0], "uv_size": [0, 7]},
								"south": {"uv": [26.00001, 7], "uv_size": [11.99997, 7]},
								"west": {"uv": [0, 0], "uv_size": [0, 7]},
								"up": {"uv": [0, 0], "uv_size": [12.00001, 0]},
								"down": {"uv": [0, 0], "uv_size": [12.00001, 0]}
							}
						}
					]
				}
			]
		}
	]
}